<?xml version="1.0" encoding="UTF-8"?>

<beans xmlns="http://www.springframework.org/schema/beans"
	xmlns:xsi="http://www.w3.org/2001/XMLSchema-instance"
	xsi:schemaLocation="http://www.springframework.org/schema/beans
       http://www.springframework.org/schema/beans/spring-beans-2.5.xsd">

	<!--
		the application context definition for the springapp DispatcherServlet
	-->

	<bean name="Mario" class="it.hop.oggetti.Persona">
		<constructor-arg>
			<ref bean="AnagraficaMario" />
		</constructor-arg>
		<constructor-arg>
			<ref bean="ResidenzaMario" />
		</constructor-arg>
	</bean>


	<bean name="AnagraficaMario" class="it.hop.oggetti.Anagrafica">
		<property name="nome" value="Mario" />
		<property name="cognome" value="Rossi" />
		<property name="dataNascita" value="12/08/1976" />
	</bean>

	<bean name="ResidenzaMario" class="it.hop.oggetti.Residenza">
		<property name="via" value="Corso Italia" />
		<property name="citta" value="Milano" />
		<property name="nazione" value="Italia" />
	</bean>




	<bean name="personaController" class="it.hop.controller.PersonaController" />

	<bean id="urlMapping"
		class="org.springframework.web.servlet.handler.SimpleUrlHandlerMapping">

		<property name="mappings">
			<props>
				<prop key="/persona.htm">personaController</prop>
			</props>
		</property>

	</bean>

	<bean id="urlController"
		class="org.springframework.web.servlet.mvc.UrlFilenameViewController" />


	<!-- INIZIALIZZAZIONE DELL'APPLICATION CONTEXT PROVIDER -->
	<bean id="contextApplicationContextProvider" class="it.hop.applicationcontext.ApplicationContextProvider"></bean>

	<bean id="viewResolver"
		class="org.springframework.web.servlet.view.InternalResourceViewResolver">
		<property name="viewClass"
			value="org.springframework.web.servlet.view.JstlView" />
		<property name="prefix" value="WEB-INF/jsp/" />
		<property name="suffix" value=".jsp" />
	</bean>
</beans>