<!DOCTYPE hibernate-configuration PUBLIC
"-//Hibernate/Hibernate Configuration DTD 3.0//EN"
"http://hibernate.sourceforge.net/hibernate-configuration-3.0.dtd">

<hibernate-configuration>
	<session-factory>
		<property name="connection.driver_class">
			org.apache.derby.jdbc.ClientDriver
		</property>
		<property name="connection.url">
			jdbc:derby://localhost:1527/books;create=true			
		</property>
		<property name="connection.username">app</property>
		<property name="connection.password">app</property>
		<property name="dialect">org.hibernate.dialect.DerbyDialect</property>
		<property name="show_sql">true</property>
		<property name="hbm2ddl.auto">update</property>					
	</session-factory>
</hibernate-configuration>